{
  "summary": {
    "source_path": "/home/alexmrtr/Pucpr/a-look-outside/dataset/raw/sdss.h5",
    "sample_count": 21785,
    "num_classes": 10,
    "image_shape": [
      69,
      69,
      3
    ],
    "channel_count": 3,
    "dtype": "uint8",
    "labels_dtype": "int64",
    "file_size_bytes": 210234548,
    "file_size_megabytes": 200.5,
    "counts_per_class": [
      3461,
      6997,
      6292,
      349,
      1534,
      17,
      589,
      1121,
      906,
      519
    ],
    "minority_class_count": 17,
    "majority_class_count": 6997,
    "balance_ratio_majority_over_minority": 411.5882352941176,
    "intensity_min": 0.0,
    "intensity_max": 1.0,
    "intensity_mean": 0.09106915444135666,
    "intensity_std": 0.12673360109329224,
    "per_channel_mean_normalised": [
      0.10863282531499863,
      0.09342765063047409,
      0.07114700227975845
    ],
    "per_channel_std_normalised": [
      0.1472204625606537,
      0.12304151803255081,
      0.10324825346469879
    ]
  },
  "value_check": {
    "nan_count": 0,
    "infinity_count": 0,
    "all_zero_image_count": 0,
    "all_saturated_image_count": 0,
    "constant_value_image_count": 0
  },
  "class_statistics": [
    {
      "class_index": 0,
      "class_name": "class_0",
      "count": 3461,
      "percentage": 15.8871,
      "mean_red": 0.09776366502046585,
      "mean_green": 0.08550840616226196,
      "mean_blue": 0.06825678050518036,
      "std_red": 0.13847550749778748,
      "std_green": 0.11677652597427368,
      "std_blue": 0.10272282361984253,
      "mean_intensity": 0.08384294807910919
    },
    {
      "class_index": 1,
      "class_name": "class_1",
      "count": 6997,
      "percentage": 32.1184,
      "mean_red": 0.11569095402956009,
      "mean_green": 0.09823042899370193,
      "mean_blue": 0.07101297378540039,
      "std_red": 0.1468898057937622,
      "std_green": 0.12178126722574234,
      "std_blue": 0.09831555187702179,
      "mean_intensity": 0.09497811645269394
    },
    {
      "class_index": 2,
      "class_name": "class_2",
      "count": 6292,
      "percentage": 28.8823,
      "mean_red": 0.12253020703792572,
      "mean_green": 0.10496591031551361,
      "mean_blue": 0.07836492359638214,
      "std_red": 0.15764710307121277,
      "std_green": 0.13191291689872742,
      "std_blue": 0.10829892754554749,
      "mean_intensity": 0.10195367783308029
    },
    {
      "class_index": 3,
      "class_name": "class_3",
      "count": 349,
      "percentage": 1.602,
      "mean_red": 0.0938490703701973,
      "mean_green": 0.08260728418827057,
      "mean_blue": 0.06577470898628235,
      "std_red": 0.1473821997642517,
      "std_green": 0.12619027495384216,
      "std_blue": 0.10856806486845016,
      "mean_intensity": 0.08074367791414261
    },
    {
      "class_index": 4,
      "class_name": "class_4",
      "count": 1534,
      "percentage": 7.0415,
      "mean_red": 0.09230083227157593,
      "mean_green": 0.07675565779209137,
      "mean_blue": 0.05513652414083481,
      "std_red": 0.14730022847652435,
      "std_green": 0.11758242547512054,
      "std_blue": 0.08844177424907684,
      "mean_intensity": 0.0747309997677803
    },
    {
      "class_index": 5,
      "class_name": "class_5",
      "count": 17,
      "percentage": 0.078,
      "mean_red": 0.07902118563652039,
      "mean_green": 0.06445778906345367,
      "mean_blue": 0.04660894721746445,
      "std_red": 0.1392502784729004,
      "std_green": 0.10937875509262085,
      "std_blue": 0.08410345762968063,
      "mean_intensity": 0.06336264312267303
    },
    {
      "class_index": 6,
      "class_name": "class_6",
      "count": 589,
      "percentage": 2.7037,
      "mean_red": 0.053791970014572144,
      "mean_green": 0.04818927124142647,
      "mean_blue": 0.03980221599340439,
      "std_red": 0.10000177472829819,
      "std_green": 0.0850171372294426,
      "std_blue": 0.08084698021411896,
      "mean_intensity": 0.04726115241646767
    },
    {
      "class_index": 7,
      "class_name": "class_7",
      "count": 1121,
      "percentage": 5.1457,
      "mean_red": 0.1000925749540329,
      "mean_green": 0.09041357040405273,
      "mean_blue": 0.08163706213235855,
      "std_red": 0.14135679602622986,
      "std_green": 0.12363080680370331,
      "std_blue": 0.12040967494249344,
      "mean_intensity": 0.09071440249681473
    },
    {
      "class_index": 8,
      "class_name": "class_8",
      "count": 906,
      "percentage": 4.1588,
      "mean_red": 0.09134165197610855,
      "mean_green": 0.08160876482725143,
      "mean_blue": 0.07271549105644226,
      "std_red": 0.131489560008049,
      "std_green": 0.11324729770421982,
      "std_blue": 0.10956384241580963,
      "mean_intensity": 0.08188863098621368
    },
    {
      "class_index": 9,
      "class_name": "class_9",
      "count": 519,
      "percentage": 2.3824,
      "mean_red": 0.08752872794866562,
      "mean_green": 0.07759050279855728,
      "mean_blue": 0.06663741171360016,
      "std_red": 0.12781089544296265,
      "std_green": 0.10932957381010056,
      "std_blue": 0.10374721139669418,
      "mean_intensity": 0.07725220918655396
    }
  ]
}